{
  "bugs": [
    {
      "id": 2,
      "name": "Promises are not working",
      "isClosed": false,
      "desc": "Lorem ipsum dolor sit amet, consectetur adipisicing elit, sed do eiusmodtempor incididunt ut labore et dolore magna aliqua. Ut enim ad minim veniam, quis nostrud exercitation ullamco laboris nisi ut aliquip ex ea commodo consequat. Duis aute irure dolor in reprehenderit in voluptate velit essecillum dolore eu fugiat nulla pariatur. Excepteur sint occaecat cupidatat non proident, sunt in culpa qui officia deserunt mollit anim id est laborum.",
      "createdAt": "2016-02-16T16:27:53.060Z"
    },
    {
      "id": 3,
      "name": "Server communication failure",
      "isClosed": true,
      "desc": "Lorem ipsum dolor sit amet, consectetur adipisicing elit, sed do eiusmodtempor incididunt ut labore et dolore magna aliqua. Ut enim ad minim veniam, quis nostrud exercitation ullamco laboris nisi ut aliquip ex ea commodo consequat. Duis aute irure dolor in reprehenderit in voluptate velit essecillum dolore eu fugiat nulla pariatur. Excepteur sint occaecat cupidatat non proident, sunt in culpa qui officia deserunt mollit anim id est laborum.",
      "createdAt": "2016-04-27T07:37:30.935Z"
    },
    {
      "id": 8,
      "name": "Validation failure",
      "isClosed": false,
      "createdAt": "2016-05-06T07:19:41.894Z"
    },
    {
      "id": 10,
      "name": "another new bug",
      "isClosed": true,
      "createdAt": "2016-05-20T07:36:49.943Z"
    },
    {
      "id": 11,
      "name": "Routing not working",
      "isClosed": false,
      "createdAt": "2016-05-20T09:14:18.663Z"
    },
    {
      "id": 12,
      "name": "Display controls are not aligned properly",
      "isClosed": false,
      "createdAt": "2016-05-20T09:14:51.023Z"
    },
    {
      "id": 13,
      "name": "Blah blah blah",
      "isClosed": false,
      "createdAt": "2016-05-20T09:29:51.173Z"
    }
  ]
}